-- phpMyAdmin SQL Dump
-- version 5.0.2
-- https://www.phpmyadmin.net/
--
-- Хост: 127.0.0.1:3306
-- Время создания: Окт 27 2022 г., 11:42
-- Версия сервера: 8.0.19
-- Версия PHP: 7.4.5

SET SQL_MODE = "NO_AUTO_VALUE_ON_ZERO";
START TRANSACTION;
SET time_zone = "+00:00";


/*!40101 SET @OLD_CHARACTER_SET_CLIENT=@@CHARACTER_SET_CLIENT */;
/*!40101 SET @OLD_CHARACTER_SET_RESULTS=@@CHARACTER_SET_RESULTS */;
/*!40101 SET @OLD_COLLATION_CONNECTION=@@COLLATION_CONNECTION */;
/*!40101 SET NAMES utf8mb4 */;

--
-- База данных: `taskipg`
--
CREATE DATABASE IF NOT EXISTS `taskipg` DEFAULT CHARACTER SET utf8mb4 COLLATE utf8mb4_0900_ai_ci;
USE `taskipg`;

-- --------------------------------------------------------

--
-- Структура таблицы `bundle`
--

CREATE TABLE `bundle` (
  `id` int NOT NULL,
  `id_company` int NOT NULL,
  `id_users` int NOT NULL,
  `id_department` int NOT NULL
) ENGINE=InnoDB DEFAULT CHARSET=utf8mb4 COLLATE=utf8mb4_0900_ai_ci;

--
-- Дамп данных таблицы `bundle`
--

INSERT INTO `bundle` (`id`, `id_company`, `id_users`, `id_department`) VALUES
(1, 6, 1, 3),
(2, 4, 2, 3),
(3, 6, 3, 2),
(4, 2, 4, 6),
(5, 9, 5, 3),
(6, 2, 6, 1),
(7, 6, 7, 5),
(8, 1, 8, 3),
(9, 10, 9, 1),
(10, 9, 10, 6),
(11, 8, 11, 1),
(12, 8, 12, 6),
(13, 1, 13, 4),
(14, 3, 14, 3),
(15, 4, 15, 5),
(16, 8, 16, 1),
(17, 5, 17, 1),
(18, 4, 18, 3),
(19, 4, 19, 1),
(20, 5, 20, 2),
(21, 8, 21, 5),
(22, 4, 22, 1),
(23, 4, 23, 3),
(24, 3, 24, 2),
(25, 2, 25, 3),
(26, 2, 26, 3),
(27, 6, 27, 2),
(28, 8, 28, 4),
(29, 1, 29, 2),
(30, 1, 30, 4),
(31, 9, 31, 2),
(32, 7, 32, 5),
(33, 2, 33, 6),
(34, 1, 34, 4),
(35, 7, 35, 2),
(36, 9, 36, 4),
(37, 9, 37, 1),
(38, 1, 38, 6),
(39, 8, 39, 2),
(40, 3, 40, 2),
(41, 2, 41, 1),
(42, 9, 42, 1),
(43, 1, 43, 5),
(44, 5, 44, 4),
(45, 2, 45, 1),
(46, 4, 46, 1),
(47, 1, 47, 6),
(48, 6, 48, 5),
(49, 1, 49, 1),
(50, 7, 50, 2),
(51, 3, 51, 6),
(52, 7, 52, 6),
(53, 4, 53, 5),
(54, 5, 54, 3),
(55, 1, 55, 5),
(56, 6, 56, 5),
(57, 4, 57, 1),
(58, 6, 58, 3),
(59, 8, 59, 3),
(60, 9, 60, 5),
(61, 3, 61, 5),
(62, 3, 62, 1),
(63, 6, 63, 4),
(64, 7, 64, 4),
(65, 3, 65, 1),
(66, 2, 66, 2),
(67, 1, 67, 6),
(68, 2, 68, 2),
(69, 9, 69, 3),
(70, 5, 70, 5),
(71, 2, 71, 1),
(72, 2, 72, 1),
(73, 3, 73, 2),
(74, 8, 74, 3),
(75, 9, 75, 5),
(76, 4, 76, 1),
(77, 4, 77, 1),
(78, 6, 78, 4),
(79, 4, 79, 6),
(80, 6, 80, 6),
(81, 9, 81, 1),
(82, 7, 82, 4),
(83, 8, 83, 6),
(84, 9, 84, 3),
(85, 3, 85, 3),
(86, 7, 86, 5),
(87, 6, 87, 4),
(88, 3, 88, 1),
(89, 1, 89, 1),
(90, 6, 90, 6),
(91, 7, 91, 2),
(92, 9, 92, 5),
(93, 6, 93, 3),
(94, 9, 94, 5),
(95, 7, 95, 6),
(96, 7, 96, 2),
(97, 7, 97, 2),
(98, 7, 98, 5),
(99, 8, 99, 4),
(100, 8, 100, 3),
(101, 3, 101, 3),
(102, 6, 102, 1),
(103, 5, 103, 4),
(104, 8, 104, 1),
(105, 3, 105, 3),
(106, 9, 106, 6),
(107, 2, 107, 2),
(108, 1, 108, 5),
(109, 10, 109, 6),
(110, 5, 110, 5),
(111, 9, 111, 6),
(112, 3, 112, 1),
(113, 1, 113, 3),
(114, 4, 114, 2),
(115, 7, 115, 3),
(116, 5, 116, 5),
(117, 2, 117, 6),
(118, 6, 118, 6),
(119, 2, 119, 2),
(120, 3, 120, 3),
(121, 8, 121, 6),
(122, 1, 122, 4),
(123, 5, 123, 4),
(124, 7, 124, 6),
(125, 9, 125, 2),
(126, 3, 126, 1),
(127, 2, 127, 3),
(128, 8, 128, 3),
(129, 6, 129, 1),
(130, 8, 130, 1),
(131, 7, 131, 1),
(132, 5, 132, 6),
(133, 4, 133, 5),
(134, 8, 134, 2),
(135, 3, 135, 4),
(136, 7, 136, 5),
(137, 2, 137, 4),
(138, 4, 138, 3),
(139, 2, 139, 6),
(140, 3, 140, 4),
(141, 7, 141, 5),
(142, 8, 142, 5),
(143, 6, 143, 4),
(144, 4, 144, 5),
(145, 8, 145, 1),
(146, 8, 146, 5),
(147, 6, 147, 4),
(148, 1, 148, 4),
(149, 10, 149, 1),
(150, 1, 150, 5),
(151, 10, 151, 5),
(152, 5, 152, 5),
(153, 10, 153, 5),
(154, 1, 154, 3),
(155, 9, 155, 3),
(156, 9, 156, 4),
(157, 8, 157, 5),
(158, 3, 158, 6),
(159, 3, 159, 3),
(160, 6, 160, 4),
(161, 1, 161, 1),
(162, 7, 162, 4),
(163, 1, 163, 5),
(164, 9, 164, 1),
(165, 5, 165, 4),
(166, 8, 166, 4),
(167, 9, 167, 2),
(168, 7, 168, 3),
(169, 6, 169, 5),
(170, 5, 170, 1),
(171, 3, 171, 4),
(172, 7, 172, 4),
(173, 2, 173, 5),
(174, 4, 174, 5),
(175, 1, 175, 5),
(176, 9, 176, 5),
(177, 9, 177, 3),
(178, 8, 178, 3),
(179, 8, 179, 1),
(180, 10, 180, 5),
(181, 8, 181, 4),
(182, 1, 182, 1),
(183, 1, 183, 5),
(184, 9, 184, 5),
(185, 10, 185, 5),
(186, 2, 186, 6),
(187, 2, 187, 1),
(188, 1, 188, 1),
(189, 4, 189, 3),
(190, 8, 190, 4),
(191, 5, 191, 2),
(192, 2, 192, 1),
(193, 5, 193, 5),
(194, 4, 194, 3),
(195, 3, 195, 5),
(196, 1, 196, 6),
(197, 6, 197, 6),
(198, 7, 198, 1),
(199, 9, 199, 3),
(200, 2, 200, 4),
(201, 3, 201, 4),
(202, 1, 202, 1),
(203, 3, 203, 3),
(204, 8, 204, 4),
(205, 7, 205, 4),
(206, 4, 206, 3),
(207, 4, 207, 4),
(208, 9, 208, 5),
(209, 5, 209, 1),
(210, 8, 210, 4),
(211, 4, 211, 4),
(212, 8, 212, 5),
(213, 1, 213, 3),
(214, 10, 214, 6),
(215, 5, 215, 4),
(216, 7, 216, 2),
(217, 9, 217, 1),
(218, 6, 218, 5),
(219, 1, 219, 2),
(220, 3, 220, 2),
(221, 9, 221, 6),
(222, 3, 222, 6),
(223, 3, 223, 5),
(224, 9, 224, 6),
(225, 2, 225, 5),
(226, 8, 226, 4),
(227, 4, 227, 2),
(228, 1, 228, 1),
(229, 8, 229, 4),
(230, 3, 230, 3),
(231, 7, 231, 4),
(232, 10, 232, 3),
(233, 1, 233, 4),
(234, 3, 234, 1),
(235, 2, 235, 4),
(236, 2, 236, 5),
(237, 10, 237, 5),
(238, 10, 238, 5),
(239, 6, 239, 4),
(240, 2, 240, 2),
(241, 8, 241, 4),
(242, 8, 242, 3),
(243, 7, 243, 6),
(244, 8, 244, 2),
(245, 1, 245, 4),
(246, 1, 246, 3),
(247, 8, 247, 4),
(248, 2, 248, 2),
(249, 6, 249, 6),
(250, 1, 250, 6),
(251, 1, 251, 4),
(252, 5, 252, 1),
(253, 7, 253, 4),
(254, 10, 254, 5),
(255, 3, 255, 1),
(256, 8, 256, 3),
(257, 4, 257, 2),
(258, 3, 258, 4),
(259, 3, 259, 2),
(260, 5, 260, 1),
(261, 5, 261, 6),
(262, 1, 262, 3),
(263, 7, 263, 3),
(264, 3, 264, 1),
(265, 4, 265, 3),
(266, 2, 266, 4),
(267, 2, 267, 1),
(268, 9, 268, 3),
(269, 6, 269, 2),
(270, 9, 270, 2),
(271, 6, 271, 5),
(272, 6, 272, 2),
(273, 8, 273, 2),
(274, 10, 274, 6),
(275, 1, 275, 1),
(276, 7, 276, 3),
(277, 8, 277, 3),
(278, 5, 278, 2),
(279, 7, 279, 3),
(280, 8, 280, 1),
(281, 1, 281, 5),
(282, 10, 282, 1),
(283, 1, 283, 5),
(284, 5, 284, 5),
(285, 10, 285, 4),
(286, 10, 286, 5),
(287, 10, 287, 4),
(288, 5, 288, 2),
(289, 2, 289, 4),
(290, 8, 290, 4),
(291, 5, 291, 4),
(292, 1, 292, 1),
(293, 6, 293, 1),
(294, 4, 294, 5),
(295, 3, 295, 3),
(296, 10, 296, 5),
(297, 10, 297, 1),
(298, 1, 298, 1),
(299, 3, 299, 4),
(300, 9, 300, 3),
(301, 10, 301, 4),
(302, 6, 302, 1),
(303, 3, 303, 6),
(304, 8, 304, 3),
(305, 7, 305, 4),
(306, 8, 306, 6),
(307, 9, 307, 3),
(308, 10, 308, 3),
(309, 7, 309, 1),
(310, 2, 310, 3),
(311, 5, 311, 1),
(312, 9, 312, 5),
(313, 10, 313, 1),
(314, 10, 314, 6),
(315, 1, 315, 2),
(316, 6, 316, 1),
(317, 2, 317, 6),
(318, 5, 318, 2),
(319, 10, 319, 6),
(320, 4, 320, 2),
(321, 10, 321, 1),
(322, 2, 322, 4),
(323, 9, 323, 6),
(324, 6, 324, 2),
(325, 9, 325, 3),
(326, 6, 326, 5),
(327, 4, 327, 6),
(328, 5, 328, 6),
(329, 6, 329, 4),
(330, 4, 330, 5),
(331, 6, 331, 1),
(332, 9, 332, 4),
(333, 2, 333, 2),
(334, 6, 334, 6),
(335, 4, 335, 3),
(336, 3, 336, 4),
(337, 7, 337, 6),
(338, 7, 338, 2),
(339, 10, 339, 1),
(340, 9, 340, 2),
(341, 2, 341, 4),
(342, 1, 342, 3),
(343, 1, 343, 4),
(344, 4, 344, 4),
(345, 4, 345, 1),
(346, 9, 346, 3),
(347, 1, 347, 3),
(348, 5, 348, 1),
(349, 4, 349, 4),
(350, 2, 350, 5),
(351, 7, 351, 6),
(352, 10, 352, 1),
(353, 7, 353, 2),
(354, 8, 354, 5),
(355, 4, 355, 2),
(356, 3, 356, 1),
(357, 5, 357, 1),
(358, 10, 358, 3),
(359, 1, 359, 4),
(360, 7, 360, 2),
(361, 7, 361, 3),
(362, 8, 362, 6),
(363, 9, 363, 1),
(364, 5, 364, 6),
(365, 9, 365, 2),
(366, 1, 366, 1),
(367, 8, 367, 6),
(368, 4, 368, 4),
(369, 7, 369, 2),
(370, 5, 370, 6),
(371, 3, 371, 3),
(372, 6, 372, 5),
(373, 3, 373, 2),
(374, 2, 374, 2),
(375, 3, 375, 3),
(376, 7, 376, 6),
(377, 4, 377, 2),
(378, 10, 378, 5),
(379, 7, 379, 4),
(380, 7, 380, 3),
(381, 3, 381, 1),
(382, 8, 382, 1),
(383, 9, 383, 1),
(384, 4, 384, 3),
(385, 8, 385, 6),
(386, 5, 386, 3),
(387, 1, 387, 1),
(388, 10, 388, 4),
(389, 2, 389, 6),
(390, 3, 390, 3),
(391, 9, 391, 4),
(392, 7, 392, 2),
(393, 10, 393, 3),
(394, 7, 394, 3),
(395, 5, 395, 5),
(396, 8, 396, 4),
(397, 6, 397, 4),
(398, 6, 398, 1),
(399, 4, 399, 3),
(400, 2, 400, 2),
(401, 6, 401, 1),
(402, 4, 402, 3),
(403, 10, 403, 4),
(404, 5, 404, 4),
(405, 7, 405, 2),
(406, 1, 406, 2),
(407, 2, 407, 1),
(408, 2, 408, 2),
(409, 8, 409, 4),
(410, 1, 410, 2),
(411, 9, 411, 3),
(412, 8, 412, 2),
(413, 9, 413, 3),
(414, 8, 414, 5),
(415, 1, 415, 5),
(416, 5, 416, 6),
(417, 6, 417, 3),
(418, 5, 418, 4),
(419, 10, 419, 2),
(420, 4, 420, 3),
(421, 2, 421, 1),
(422, 8, 422, 2),
(423, 9, 423, 4),
(424, 4, 424, 4),
(425, 9, 425, 1),
(426, 8, 426, 5),
(427, 8, 427, 5),
(428, 10, 428, 3),
(429, 1, 429, 2),
(430, 9, 430, 1),
(431, 4, 431, 2),
(432, 9, 432, 6),
(433, 10, 433, 1),
(434, 3, 434, 2),
(435, 8, 435, 6),
(436, 8, 436, 1),
(437, 4, 437, 5),
(438, 9, 438, 1),
(439, 6, 439, 3),
(440, 3, 440, 5),
(441, 10, 441, 1),
(442, 3, 442, 1),
(443, 9, 443, 6),
(444, 5, 444, 1),
(445, 2, 445, 4),
(446, 8, 446, 3),
(447, 8, 447, 2),
(448, 6, 448, 5),
(449, 3, 449, 6),
(450, 1, 450, 2),
(451, 2, 451, 5),
(452, 9, 452, 3),
(453, 8, 453, 5),
(454, 5, 454, 4),
(455, 9, 455, 6),
(456, 7, 456, 5),
(457, 7, 457, 1),
(458, 7, 458, 5),
(459, 6, 459, 2),
(460, 4, 460, 5),
(461, 5, 461, 6),
(462, 5, 462, 2),
(463, 8, 463, 6),
(464, 3, 464, 3),
(465, 2, 465, 2),
(466, 8, 466, 3),
(467, 5, 467, 6),
(468, 7, 468, 4),
(469, 5, 469, 5),
(470, 6, 470, 6),
(471, 6, 471, 4),
(472, 4, 472, 2),
(473, 2, 473, 2),
(474, 4, 474, 4),
(475, 9, 475, 2),
(476, 5, 476, 1),
(477, 5, 477, 2),
(478, 8, 478, 5),
(479, 10, 479, 4),
(480, 4, 480, 3),
(481, 10, 481, 3),
(482, 5, 482, 4),
(483, 7, 483, 6),
(484, 10, 484, 2),
(485, 9, 485, 2),
(486, 7, 486, 1),
(487, 2, 487, 2),
(488, 5, 488, 6),
(489, 5, 489, 4),
(490, 6, 490, 6),
(491, 7, 491, 3),
(492, 7, 492, 1),
(493, 10, 493, 3),
(494, 2, 494, 4),
(495, 4, 495, 5),
(496, 7, 496, 3),
(497, 3, 497, 5),
(498, 3, 498, 4),
(499, 7, 499, 1),
(500, 7, 500, 2);

-- --------------------------------------------------------

--
-- Структура таблицы `company`
--

CREATE TABLE `company` (
  `id` int NOT NULL,
  `company_name` varchar(255) NOT NULL,
  `company_token` varchar(255) NOT NULL
) ENGINE=InnoDB DEFAULT CHARSET=utf8mb4 COLLATE=utf8mb4_0900_ai_ci;

--
-- Дамп данных таблицы `company`
--

INSERT INTO `company` (`id`, `company_name`, `company_token`) VALUES
(1, 'Simonis, Koepp and Feil', 'bivgctbt-05827859'),
(2, 'Purdy-Schaefer', 'ixtuhcxx-33453158'),
(3, 'Schmidt, Walsh and Wintheiser', 'srtdiwic-54040898'),
(4, 'Willms LLC', 'vskfbcgr-38342496'),
(5, 'Hudson-Ankunding', 'jomfmbit-92241087'),
(6, 'Boyle and Sons', 'fjvdpmba-42713269'),
(7, 'Lesch and Sons', 'yaywroly-52563233'),
(8, 'Orn-Crona', 'czpzfuqp-97041541'),
(9, 'Bauch-Block', 'aqblksbu-14665297'),
(10, 'McClure-Medhurst', 'lwrsibwr-55073698');

-- --------------------------------------------------------

--
-- Структура таблицы `department`
--

CREATE TABLE `department` (
  `id` int NOT NULL,
  `department` varchar(255) NOT NULL
) ENGINE=InnoDB DEFAULT CHARSET=utf8mb4 COLLATE=utf8mb4_0900_ai_ci;

--
-- Дамп данных таблицы `department`
--

INSERT INTO `department` (`id`, `department`) VALUES
(1, 'Отдел кадров'),
(2, 'Отдел маркетинга'),
(3, 'Отдел продаж'),
(4, 'Отдел продукта'),
(5, 'Отдел контроля качества'),
(6, 'Отдел финансов');

-- --------------------------------------------------------

--
-- Структура таблицы `users`
--

CREATE TABLE `users` (
  `id` int NOT NULL,
  `name` varchar(255) NOT NULL,
  `phone` varchar(255) NOT NULL,
  `email` varchar(255) NOT NULL
) ENGINE=InnoDB DEFAULT CHARSET=utf8mb4 COLLATE=utf8mb4_0900_ai_ci;

--
-- Дамп данных таблицы `users`
--

INSERT INTO `users` (`id`, `name`, `phone`, `email`) VALUES
(1, 'Prof. Arnulfo Parker DVM', '616-387-9581', 'bjakubowski@wolff.net'),
(2, 'Mr. Jeremie Windler', '+18598536594', 'janie.williamson@gmail.com'),
(3, 'Seth Sipes', '1-231-561-6278', 'demond.murphy@hotmail.com'),
(4, 'Fannie Hickle', '(838) 679-3459', 'reilly.germaine@hotmail.com'),
(5, 'Miss Gladyce Murphy II', '1-510-640-5697', 'tianna74@yahoo.com'),
(6, 'Fern Dare', '1-432-659-2894', 'alayna67@yahoo.com'),
(7, 'Kali Schroeder', '+1 (678) 679-9121', 'buckridge.stefan@hotmail.com'),
(8, 'Icie Runolfsdottir V', '+1-484-652-8745', 'gcorkery@hotmail.com'),
(9, 'Grant Sauer', '1-912-491-2438', 'botsford.iva@cartwright.com'),
(10, 'Loyce Luettgen', '203-545-8248', 'bernie.armstrong@hotmail.com'),
(11, 'Rigoberto Gutkowski', '+1-920-986-6063', 'mozelle.boyer@pfeffer.org'),
(12, 'Theodora Feest', '+1.330.223.2752', 'tod.torphy@dibbert.com'),
(13, 'Glenna Funk', '607.955.6450', 'parisian.clotilde@krajcik.com'),
(14, 'Kasey Kunde', '(401) 479-6167', 'fgislason@hand.com'),
(15, 'Dr. Niko Bahringer', '872.771.7055', 'bayer.joshuah@gmail.com'),
(16, 'Joany Witting', '234-472-2880', 'dicki.ben@denesik.com'),
(17, 'Angelo Ferry', '+1-689-929-1891', 'uabshire@romaguera.biz'),
(18, 'Marilie Runolfsdottir MD', '+1 (346) 243-4842', 'reid68@hotmail.com'),
(19, 'Amber Armstrong', '(228) 545-0860', 'baltenwerth@hotmail.com'),
(20, 'Hollis Kutch', '561.468.9296', 'maude.grimes@ondricka.com'),
(21, 'Edwin Rowe', '540-673-8147', 'monserrat32@beier.com'),
(22, 'Miss Shania Dicki', '774-347-8571', 'wdibbert@hotmail.com'),
(23, 'Arnoldo Hudson DDS', '+1-714-940-0124', 'euna.lubowitz@yahoo.com'),
(24, 'Dr. Cole Torphy', '434-720-3445', 'gleichner.fabian@kling.net'),
(25, 'Miss Marisol Schroeder', '435.419.2424', 'shawna99@yahoo.com'),
(26, 'Hellen Hane', '1-726-628-0815', 'fadel.lloyd@yahoo.com'),
(27, 'Bernita Schaden', '458.918.9676', 'derrick91@prosacco.com'),
(28, 'Dr. Fabiola McClure II', '+1 (336) 979-6815', 'alexandre.feil@farrell.com'),
(29, 'Jadyn Gleichner', '872-482-4107', 'alanis.witting@gmail.com'),
(30, 'Kian Robel', '+1-470-824-7314', 'zechariah91@morar.org'),
(31, 'Weston Larkin DDS', '1-734-944-7987', 'uferry@steuber.com'),
(32, 'Mr. Elton Fadel Sr.', '+1-650-933-5858', 'aiyana.ferry@feil.com'),
(33, 'Sarai Von', '(603) 653-6405', 'wsteuber@white.net'),
(34, 'Ambrose Heller', '858.483.4256', 'jaskolski.shaun@prohaska.com'),
(35, 'Trace Watsica', '334.526.5755', 'stiedemann.donna@yahoo.com'),
(36, 'Mr. Jeremie Davis I', '+1 (724) 229-8854', 'juston.fisher@considine.com'),
(37, 'Prof. Darian Corwin II', '+1 (743) 957-4224', 'hkassulke@gmail.com'),
(38, 'Mr. Freeman Stroman DVM', '339.718.6607', 'jerry.koepp@gmail.com'),
(39, 'Prof. Deja Turner', '601.628.8983', 'jaunita38@gutkowski.info'),
(40, 'Jo Fisher PhD', '334.553.5050', 'branson.okuneva@ruecker.com'),
(41, 'Helga Tromp', '+19259296818', 'morissette.jeanette@hotmail.com'),
(42, 'Andy Kulas', '(580) 262-9697', 'nconnelly@hotmail.com'),
(43, 'Prof. Davion Turcotte', '484.652.8561', 'haley.keagan@yahoo.com'),
(44, 'Hazel Schmidt', '+16577102301', 'beier.akeem@mckenzie.com'),
(45, 'Ernestine Witting', '+1 (980) 624-2884', 'donnelly.katlynn@gmail.com'),
(46, 'Lolita Bradtke', '+1 (762) 413-2758', 'feeney.iliana@hotmail.com'),
(47, 'Dr. Cara Okuneva', '725.229.4722', 'frederique.kris@gmail.com'),
(48, 'Deborah Lesch', '+1.385.679.5014', 'irosenbaum@abshire.com'),
(49, 'Nathanael Reilly', '+1.858.781.1743', 'flatley.murl@hotmail.com'),
(50, 'Jordan Dickens', '+1-458-649-8130', 'jeremie48@yahoo.com'),
(51, 'Prof. Tremaine Turner', '+13202942764', 'tremblay.tyrese@yahoo.com'),
(52, 'Jaren Pouros', '+1-917-437-5878', 'marquardt.eloisa@gmail.com'),
(53, 'Alana Larson', '(636) 582-1968', 'anderson.britney@gmail.com'),
(54, 'Prof. Elenora O\'Kon', '1-872-516-6073', 'fahey.drew@pouros.com'),
(55, 'Laurine Rice', '786.915.7054', 'howard12@yahoo.com'),
(56, 'Diego Little', '+12628677266', 'renner.hallie@crist.info'),
(57, 'Mr. Kaleigh Pagac Sr.', '+1-351-331-5517', 'lula.schmitt@kris.com'),
(58, 'Mrs. Susanna Simonis', '830.680.2694', 'ressie12@beer.com'),
(59, 'Ona Armstrong', '+1-985-343-2180', 'fannie78@koch.com'),
(60, 'Prof. Cynthia Lind III', '1-516-249-9708', 'jerel.gleason@johns.com'),
(61, 'Dane Bosco I', '1-586-229-2391', 'josefina.pacocha@yahoo.com'),
(62, 'Ayla Koch', '310.954.8162', 'gerhard.crist@kilback.info'),
(63, 'Mr. Casper Stiedemann', '+1 (206) 812-0210', 'dannie68@mcdermott.com'),
(64, 'Deontae Huel', '(352) 930-1870', 'patricia.bergnaum@yahoo.com'),
(65, 'Marvin Schinner', '502-768-4401', 'lmcglynn@gmail.com'),
(66, 'Alf Stamm', '1-781-355-3593', 'rtreutel@pacocha.com'),
(67, 'Tanya Cummings', '+13182068285', 'cheyenne65@abernathy.org'),
(68, 'Hugh Wolff', '1-631-239-8568', 'fredrick15@yahoo.com'),
(69, 'Flavie Legros', '865-809-9636', 'garrick.kub@hotmail.com'),
(70, 'Buck Daniel II', '1-878-604-0383', 'bianka59@gmail.com'),
(71, 'Salvatore Boyer', '+1 (678) 290-5796', 'kblanda@auer.com'),
(72, 'Ivah Harber', '+1 (434) 346-2252', 'bins.miguel@hotmail.com'),
(73, 'Mr. Jamison Pouros', '(423) 449-4900', 'alize.lockman@gmail.com'),
(74, 'Rey Gibson', '+1 (708) 484-4809', 'terrell.wiegand@jacobs.com'),
(75, 'Ms. Ova Collins II', '(463) 238-8046', 'sabshire@jerde.net'),
(76, 'Cayla Schneider IV', '501-498-0473', 'hupton@lehner.com'),
(77, 'Natalia Strosin', '(551) 983-4762', 'parisian.orpha@erdman.info'),
(78, 'Ms. Vincenza Larson PhD', '334.580.7960', 'steuber.noelia@terry.com'),
(79, 'Mrs. Maxie Jenkins', '(443) 762-2383', 'ljast@yahoo.com'),
(80, 'Isai Kessler', '+1-858-394-7794', 'waufderhar@yahoo.com'),
(81, 'Casimer Reichert', '1-628-299-7495', 'gunnar96@hintz.com'),
(82, 'General Beahan', '424.600.5020', 'susanna07@kuhn.com'),
(83, 'Gerhard Nitzsche DVM', '+1.714.922.4873', 'white.scotty@gmail.com'),
(84, 'Bertrand Hilpert', '1-445-594-2082', 'willms.mckayla@hotmail.com'),
(85, 'Prof. Abe Schmeler IV', '+16065815526', 'crist.jany@welch.com'),
(86, 'Keagan Bergnaum', '970.552.2162', 'cassandra.daniel@lang.com'),
(87, 'Eleanore McGlynn Jr.', '+1-813-866-4783', 'schulist.genevieve@reynolds.com'),
(88, 'Reed Emmerich', '660.948.8209', 'waldo.bergstrom@kessler.com'),
(89, 'Flo Blanda', '678-594-0193', 'zkessler@yahoo.com'),
(90, 'Janet Nienow', '484-722-4040', 'fquitzon@mccullough.com'),
(91, 'Ulices Mayer', '+1.351.523.1989', 'obrown@hotmail.com'),
(92, 'Bernadette Beatty', '646.958.3904', 'brogahn@pagac.info'),
(93, 'Filomena Windler PhD', '715-506-4019', 'rtreutel@yahoo.com'),
(94, 'Dr. Gregorio Morar', '1-540-518-1999', 'xweissnat@hotmail.com'),
(95, 'Miss Lilla Wiza Jr.', '(828) 786-2052', 'maribel41@gmail.com'),
(96, 'Dr. Petra Kub', '1-785-637-1220', 'chad.zulauf@daugherty.com'),
(97, 'Elsie Hermiston', '(305) 315-0388', 'sylvan.kunze@labadie.org'),
(98, 'Jordyn Stroman DVM', '1-832-580-5623', 'yprohaska@hotmail.com'),
(99, 'Christopher Yundt', '520.338.5478', 'reyes.mertz@johnston.org'),
(100, 'Edythe Leannon Jr.', '(760) 894-9088', 'rbradtke@okon.com'),
(101, 'Lorna Lesch', '+1.678.632.2913', 'kristy59@johnson.com'),
(102, 'Rodrick Rempel', '+1.726.634.1666', 'kristopher.sauer@hotmail.com'),
(103, 'Glenna Stamm', '(360) 632-1453', 'macejkovic.ulises@koelpin.com'),
(104, 'Prof. Geoffrey Beatty', '1-402-224-4190', 'sophie96@mraz.com'),
(105, 'Nathanael Hackett', '(762) 919-5831', 'zrau@medhurst.com'),
(106, 'Abdullah Willms', '(513) 903-2955', 'alyce03@kessler.com'),
(107, 'Shayna Gorczany', '(847) 837-6598', 'maybelle.balistreri@gmail.com'),
(108, 'Cooper Rogahn DDS', '517.542.3063', 'georgianna47@hotmail.com'),
(109, 'Stella Macejkovic', '1-559-282-5787', 'romaguera.rossie@cormier.org'),
(110, 'Fatima Ritchie', '+1-971-424-1640', 'aohara@yahoo.com'),
(111, 'Mr. Milford VonRueden II', '1-385-329-3266', 'cartwright.conner@kohler.com'),
(112, 'Miss Keara Kertzmann I', '316.851.9243', 'santiago24@thompson.com'),
(113, 'Prof. Americo Reichert IV', '+1-575-428-4266', 'giovanni97@yahoo.com'),
(114, 'Dr. Gabriella Swift', '+1.313.609.8136', 'crist.buck@berge.info'),
(115, 'Alysha Bergstrom', '+1 (828) 547-1931', 'freddie.feil@gleason.com'),
(116, 'Prof. Marlin Kautzer Jr.', '+1-251-363-1565', 'nkeebler@conroy.com'),
(117, 'Mr. Korey Balistreri II', '848-803-2343', 'sipes.margarita@gmail.com'),
(118, 'Mr. Gerard Windler MD', '+1 (601) 737-5511', 'bosco.rosanna@cruickshank.com'),
(119, 'Alfonso Lemke', '+1 (831) 649-7439', 'xondricka@orn.com'),
(120, 'Carmella Hauck', '+1.567.900.6186', 'schneider.nick@hauck.com'),
(121, 'Jayce Reynolds', '(910) 492-3738', 'grimes.ashly@hotmail.com'),
(122, 'Prof. Rebecca O\'Connell', '+1.573.988.6776', 'edmond69@yahoo.com'),
(123, 'Urban Emmerich PhD', '936-268-0162', 'christiansen.kara@reichel.net'),
(124, 'Dr. Taurean Zemlak', '+1 (210) 545-3650', 'dillon87@hotmail.com'),
(125, 'Miss Liliana Haag', '860.784.0815', 'toy.lonzo@rutherford.com'),
(126, 'Manuela Buckridge', '571.998.2296', 'beer.ruthie@yahoo.com'),
(127, 'Jamarcus Crist', '1-601-504-6892', 'donnell96@doyle.info'),
(128, 'Benedict Luettgen', '(239) 571-7058', 'carlo.reichert@hotmail.com'),
(129, 'Gia Mayer', '+1.434.918.5958', 'sschroeder@hammes.info'),
(130, 'Dr. Amy Batz', '(985) 522-4995', 'esta04@yahoo.com'),
(131, 'Mr. Abdullah Feeney PhD', '1-803-717-9622', 'quentin55@yahoo.com'),
(132, 'Donald Stoltenberg', '239.517.2097', 'major24@hotmail.com'),
(133, 'Sabina Grady', '504-934-2407', 'mjenkins@osinski.com'),
(134, 'Osbaldo Quigley', '571-730-5180', 'zledner@leffler.com'),
(135, 'Nels Conroy Jr.', '+1 (630) 444-3438', 'lesch.julien@hotmail.com'),
(136, 'Dessie Schoen', '+1 (907) 381-5421', 'kristina90@hotmail.com'),
(137, 'Dr. Karli Crooks', '+1-640-979-4645', 'drunte@hill.net'),
(138, 'Prof. Sammie Ritchie V', '(432) 230-8637', 'pcrona@hotmail.com'),
(139, 'Tyrique McCullough', '(209) 397-0853', 'howe.eldora@gmail.com'),
(140, 'Andres Prohaska V', '(505) 441-8055', 'ferry.jesse@yahoo.com'),
(141, 'Danyka Gulgowski', '1-551-684-4336', 'pprosacco@veum.org'),
(142, 'Miss Mona Langworth V', '458.837.9723', 'bins.matilda@buckridge.com'),
(143, 'Prof. Leonel Berge I', '+17479275257', 'rschamberger@hotmail.com'),
(144, 'Jaida Tillman', '+1-713-684-4381', 'qbahringer@rolfson.com'),
(145, 'Grady Olson V', '(386) 752-0351', 'merlin.lakin@hotmail.com'),
(146, 'Dr. Makayla Botsford', '1-803-347-2602', 'lfay@bashirian.info'),
(147, 'Zoie Hirthe', '+1-308-357-9333', 'wdaniel@gmail.com'),
(148, 'Joshuah Heaney', '1-831-966-8659', 'arnold.johns@tillman.com'),
(149, 'Ada Paucek', '+1-224-287-1703', 'kyleigh.cassin@hills.com'),
(150, 'Ayana Olson', '1-859-578-9377', 'arvid60@yahoo.com'),
(151, 'Shanie Von', '539-797-6617', 'trantow.bernhard@hotmail.com'),
(152, 'Myrtle Kunde', '1-347-210-9751', 'ostiedemann@yahoo.com'),
(153, 'Jody Krajcik IV', '1-903-698-3712', 'fritsch.lolita@kris.com'),
(154, 'Miss Annabell Erdman', '+1-872-641-0043', 'lubowitz.cassandra@gmail.com'),
(155, 'Dexter Luettgen', '1-562-883-4820', 'goodwin.karlie@green.net'),
(156, 'Mr. Guy Smitham I', '1-618-379-1990', 'erich81@rath.com'),
(157, 'Rocio Bartoletti I', '(234) 870-4324', 'yadira92@hyatt.com'),
(158, 'Ms. Octavia Hagenes PhD', '+1-331-596-1842', 'katharina82@wisozk.org'),
(159, 'Mohammad Nader', '907-513-6172', 'miller.lourdes@zieme.com'),
(160, 'Herbert Jacobs', '+1.650.871.3945', 'ferne.doyle@hotmail.com'),
(161, 'Percival Cronin', '+1 (281) 816-3814', 'linda75@stokes.com'),
(162, 'Esperanza Barton', '469.743.9051', 'quitzon.nettie@quigley.com'),
(163, 'Franco Kozey', '(334) 934-7989', 'emilie.bins@kuvalis.org'),
(164, 'Pearl Prosacco', '364.513.7654', 'fbrown@feest.info'),
(165, 'Ms. Sister Walter', '1-415-769-1266', 'zwiza@yahoo.com'),
(166, 'Beverly Cruickshank', '941-517-3150', 'reva.nolan@ryan.com'),
(167, 'Ms. Rebekah Fahey MD', '(661) 493-8596', 'droberts@ziemann.com'),
(168, 'Easter Hoeger IV', '+16784956508', 'aabernathy@hotmail.com'),
(169, 'Ophelia Smith', '+1.435.636.6380', 'easter.turner@blick.com'),
(170, 'Ivory Heller', '+19473901122', 'vena.grimes@turcotte.net'),
(171, 'Zoila Barton', '+1.229.248.2470', 'kuphal.justice@yahoo.com'),
(172, 'Dr. Jeffrey Kihn', '+1.864.971.5450', 'marlene.krajcik@jacobson.net'),
(173, 'Carley Adams', '+1-256-358-7383', 'steuber.lucius@walsh.com'),
(174, 'Ima Stracke', '+1-682-890-2359', 'sryan@aufderhar.com'),
(175, 'Anahi Rippin', '1-912-571-2106', 'sgorczany@gmail.com'),
(176, 'Miss Mina Willms I', '986.744.9660', 'marlin.osinski@mitchell.info'),
(177, 'Prof. Rhiannon Gislason Jr.', '253.773.6399', 'adurgan@hotmail.com'),
(178, 'Robert Considine', '252-274-5996', 'orlo53@yahoo.com'),
(179, 'Savanah O\'Connell', '+1 (407) 460-5457', 'dstoltenberg@yahoo.com'),
(180, 'Dr. Melvin Treutel III', '1-984-603-3224', 'hill.aileen@considine.com'),
(181, 'Tremaine Howell', '626-265-5933', 'voberbrunner@gmail.com'),
(182, 'Prof. Dock Gulgowski', '681.979.8059', 'wzemlak@gmail.com'),
(183, 'Linda Dietrich', '+14693957274', 'carli30@kirlin.com'),
(184, 'Elmo Waelchi', '(718) 613-3775', 'turner.ivah@yahoo.com'),
(185, 'Jay Rutherford', '1-270-408-6872', 'wolf.nicolette@hotmail.com'),
(186, 'Precious Gorczany', '209.518.7442', 'bettye43@hansen.com'),
(187, 'Otis Douglas', '1-469-836-9386', 'voconner@walsh.com'),
(188, 'Adelbert Cole', '561-766-1999', 'gladyce22@gmail.com'),
(189, 'Jeremy Feil', '559.492.0034', 'asia.yundt@gmail.com'),
(190, 'Sallie Armstrong', '+1-765-575-0712', 'prunolfsson@thompson.com'),
(191, 'Willis Prosacco Jr.', '+1 (662) 576-6530', 'friesen.audreanne@yahoo.com'),
(192, 'Jaden Bogan', '313-929-2847', 'elmer03@prohaska.com'),
(193, 'Jannie Gerlach', '1-623-530-4192', 'elody.hoeger@gaylord.biz'),
(194, 'Carmela Yost', '+1-270-917-5326', 'morar.samanta@muller.com'),
(195, 'Dr. Kristin Goodwin', '929-666-1613', 'aleen34@schultz.com'),
(196, 'Merlin Ward', '+1 (231) 753-7206', 'murphy.moshe@hotmail.com'),
(197, 'Lester Morissette', '1-973-936-1857', 'chet22@funk.com'),
(198, 'Titus Balistreri', '228.316.9834', 'estrella.gerhold@gutkowski.com'),
(199, 'Savion Kling', '458-884-6727', 'gleason.august@white.biz'),
(200, 'Litzy Bins', '(956) 427-9601', 'koch.kolby@keeling.org'),
(201, 'Marta Feeney', '+1.832.983.2548', 'camden.marvin@hotmail.com'),
(202, 'Adela Larson', '+15104268178', 'dovie81@gibson.com'),
(203, 'Miss Neoma Gislason', '417-488-7451', 'kyla30@oberbrunner.com'),
(204, 'Prof. Rex Cronin IV', '+1 (440) 769-3270', 'karli.bernhard@hotmail.com'),
(205, 'Marguerite Hessel', '(986) 944-2856', 'zvon@yahoo.com'),
(206, 'Prof. Nico D\'Amore', '815.365.4967', 'will.dee@effertz.com'),
(207, 'Amiya Hoppe', '+1-478-420-4466', 'hackett.dena@hotmail.com'),
(208, 'Napoleon Weber', '423.246.6671', 'idell.lind@runte.com'),
(209, 'Alva Mitchell', '1-315-530-2956', 'nels.haag@hotmail.com'),
(210, 'Mrs. Anabelle Brakus MD', '(727) 891-8218', 'domenico.aufderhar@hamill.biz'),
(211, 'Roberto Schoen Jr.', '814-703-0227', 'reinhold.harris@gmail.com'),
(212, 'Sven Carroll', '1-615-343-9759', 'brenna86@gmail.com'),
(213, 'Mrs. Idell Schiller', '(912) 457-6450', 'jeramie.fahey@gmail.com'),
(214, 'Dr. Antone Schuppe III', '+1.330.265.4103', 'mcormier@jaskolski.com'),
(215, 'Mr. Arno Altenwerth', '1-401-397-7892', 'roberts.nakia@hotmail.com'),
(216, 'Ashleigh Heaney PhD', '209-944-9184', 'brown.sandrine@wiza.com'),
(217, 'Ruby Stehr', '702-364-3968', 'malachi.streich@hotmail.com'),
(218, 'Dessie Littel', '+1-360-535-3002', 'lesley.barton@sanford.com'),
(219, 'Larissa Auer I', '402-591-7991', 'pcorkery@hudson.org'),
(220, 'Mohamed Nolan', '704.730.8472', 'serenity.metz@romaguera.com'),
(221, 'Prof. Tad Dickinson', '(754) 803-0386', 'stracke.hildegard@will.biz'),
(222, 'Miss Elena Green', '559.897.5106', 'alf.kreiger@jaskolski.com'),
(223, 'Kattie Schumm MD', '651.664.1981', 'murphy.deshawn@swift.com'),
(224, 'Erica Bosco', '1-540-804-6868', 'mcglynn.jacques@haley.com'),
(225, 'Abby Skiles', '253.913.6036', 'terrence37@hotmail.com'),
(226, 'Karina Rohan', '+14452757972', 'ifadel@hotmail.com'),
(227, 'Dr. Sanford Price', '+1 (520) 266-6242', 'clotilde35@steuber.com'),
(228, 'Golden Ward', '+1.480.924.1822', 'ispinka@hotmail.com'),
(229, 'Mr. Jevon Renner DVM', '386-667-4053', 'candice.fritsch@hotmail.com'),
(230, 'Rickie Heidenreich', '+1 (267) 201-1273', 'nolan.madisen@hotmail.com'),
(231, 'Ms. Lacey Corwin MD', '+1-531-815-1929', 'abednar@gmail.com'),
(232, 'Anissa Kemmer', '(629) 240-1106', 'will.ratke@yahoo.com'),
(233, 'Prof. Fletcher Schaden II', '+1-575-583-8776', 'rschuster@schamberger.com'),
(234, 'Bette Boyer', '1-734-210-6960', 'berniece.lakin@schuster.com'),
(235, 'Marjorie Bogisich II', '+1.469.466.3430', 'emmitt71@veum.com'),
(236, 'Ines Reynolds', '1-650-547-2750', 'monahan.anibal@dibbert.net'),
(237, 'Leone Pagac', '(754) 632-0623', 'brooks.conn@hotmail.com'),
(238, 'Cade Shanahan', '920.535.1202', 'kylee.schulist@gmail.com'),
(239, 'Addie Mante I', '+1-601-465-5574', 'mheathcote@yahoo.com'),
(240, 'Neal Bosco', '341.577.2402', 'curtis.lakin@parisian.biz'),
(241, 'Hulda Wehner', '1-216-582-4123', 'gerhard05@yahoo.com'),
(242, 'Matt Zemlak', '+1.347.440.4150', 'horacio.mckenzie@yahoo.com'),
(243, 'Nova Schmitt', '507-596-5185', 'teichmann@abbott.com'),
(244, 'Adolphus Schroeder', '270-841-9826', 'upton.rahsaan@gmail.com'),
(245, 'Arnoldo Schinner PhD', '516-899-8849', 'nwitting@yahoo.com'),
(246, 'Prof. Piper Hayes', '1-712-547-0127', 'rprosacco@hotmail.com'),
(247, 'Prof. Armand Macejkovic MD', '+1-346-356-2687', 'calista56@kozey.biz'),
(248, 'Miss Evangeline Wunsch', '+1-412-264-3463', 'tkemmer@stoltenberg.com'),
(249, 'Herman Goodwin Jr.', '1-609-357-1452', 'alva.wilderman@gmail.com'),
(250, 'Prof. Garrick Weimann', '+1-646-858-7420', 'kyra40@dickinson.info'),
(251, 'Mr. Eliseo Okuneva', '+1.212.402.3075', 'fsenger@balistreri.com'),
(252, 'Tyree Bergnaum', '+1.352.533.2370', 'chaya44@hane.net'),
(253, 'Perry Olson IV', '+1-432-499-3977', 'jaida42@monahan.com'),
(254, 'Flavie Jenkins', '+1.830.526.1348', 'mlegros@hotmail.com'),
(255, 'Remington O\'Connell', '+1-959-538-7538', 'wpowlowski@gmail.com'),
(256, 'Ellie Walsh', '832.509.3194', 'jaskolski.brennon@gmail.com'),
(257, 'Eulalia Bins', '1-209-684-2376', 'dicki.sigurd@yahoo.com'),
(258, 'Mr. Bobbie Hudson III', '678.994.8274', 'mills.stefan@kulas.com'),
(259, 'Mr. Dante Walter', '386-387-9349', 'ernser.wilson@effertz.biz'),
(260, 'Dr. Rosetta Hamill I', '504.208.7947', 'lhodkiewicz@hotmail.com'),
(261, 'Melissa Huels', '(352) 817-3693', 'leonard.friesen@hotmail.com'),
(262, 'Jany Treutel', '+15188903038', 'abdul35@gmail.com'),
(263, 'Savion Boehm', '804-866-2073', 'tnikolaus@yahoo.com'),
(264, 'Ava Abernathy', '380-726-2751', 'lockman.della@abernathy.com'),
(265, 'Gerald Heller', '848.329.8981', 'treichert@gmail.com'),
(266, 'Mr. Antone Ebert DVM', '+1-940-481-0623', 'enrico97@hotmail.com'),
(267, 'Jefferey Hessel', '+1-252-232-7967', 'pierce.lakin@gmail.com'),
(268, 'Prof. Cathrine Marks', '+1-541-897-0314', 'rubye98@padberg.com'),
(269, 'Lia Cormier', '1-240-454-2914', 'mayert.bobby@moen.biz'),
(270, 'Ilene Mayert III', '+1 (865) 938-2767', 'rylee11@hotmail.com'),
(271, 'Nadia Kub', '1-307-361-3337', 'dennis.bayer@heathcote.com'),
(272, 'Mr. Einar Paucek', '(279) 744-2988', 'zarmstrong@hotmail.com'),
(273, 'Mabelle Zemlak PhD', '1-425-539-3480', 'hallie64@veum.net'),
(274, 'Lester Powlowski', '469-591-1077', 'ena.skiles@purdy.com'),
(275, 'Kattie Prosacco', '781.588.1511', 'paucek.emie@gmail.com'),
(276, 'Michelle Morissette', '629-587-7078', 'qauer@yahoo.com'),
(277, 'Daphnee Weissnat', '+1-910-302-0010', 'wshanahan@yahoo.com'),
(278, 'Albertha Bogan', '619-670-3955', 'wzboncak@pouros.com'),
(279, 'Prof. Gardner Kozey MD', '1-463-836-6895', 'will.madonna@yahoo.com'),
(280, 'Dr. Art Raynor MD', '+1-202-715-9904', 'maggio.raymond@yahoo.com'),
(281, 'Prof. Kristin Stark DVM', '1-616-694-1403', 'jermaine.mills@bode.com'),
(282, 'Eden Shields III', '+1 (857) 953-3329', 'sanford.oran@boyle.com'),
(283, 'Prof. Tiffany Miller', '804.499.6263', 'leland95@yahoo.com'),
(284, 'Kali Harris', '980-707-7095', 'nathanial.moen@yahoo.com'),
(285, 'Jaden Langworth', '+1.240.431.7756', 'kbraun@gmail.com'),
(286, 'Garrick Kling MD', '(954) 865-3414', 'emckenzie@bahringer.com'),
(287, 'Yessenia Streich', '+19134564791', 'zmuller@hotmail.com'),
(288, 'Efren Collier', '484-713-7117', 'tyler10@kuhic.net'),
(289, 'Dr. Dimitri DuBuque MD', '253-628-0109', 'rice.elisabeth@gmail.com'),
(290, 'Ms. Blanca Tremblay DDS', '+1-469-695-0575', 'yrohan@cassin.info'),
(291, 'Toy Wuckert', '(510) 495-7848', 'sfay@schaefer.com'),
(292, 'Deshawn Wolf', '+1.541.241.8608', 'gottlieb.flossie@hotmail.com'),
(293, 'Tiara Wiegand', '1-424-992-3439', 'rodolfo.dare@hotmail.com'),
(294, 'Kendall Tillman III', '+1 (725) 826-2005', 'abernathy.emmett@gmail.com'),
(295, 'Miss Stella Zboncak', '+1-765-766-0900', 'noemi81@daugherty.com'),
(296, 'Dr. Bert Robel Jr.', '+1.843.424.2903', 'alize67@hotmail.com'),
(297, 'Christ Collins', '(580) 876-6340', 'mavis43@schoen.com'),
(298, 'Ms. Adrienne Bernhard', '+1.254.525.3032', 'dkessler@bashirian.com'),
(299, 'Jeremy Purdy', '1-539-691-4937', 'oparisian@gmail.com'),
(300, 'Dr. Mekhi Gottlieb Jr.', '+13038707313', 'ystehr@stamm.com'),
(301, 'Elsie Murray', '(714) 931-0701', 'milton.hegmann@yahoo.com'),
(302, 'Prof. Crystel Heathcote', '+19319653436', 'ayana.volkman@ohara.com'),
(303, 'Ashton Stehr', '660.690.0854', 'anjali.effertz@buckridge.net'),
(304, 'Bernard Pacocha', '+1.828.630.2502', 'marley.bernier@greenholt.com'),
(305, 'Cameron Pouros', '(530) 757-5066', 'earline68@fritsch.biz'),
(306, 'Mr. Moises Wiegand', '(651) 200-1027', 'plangworth@yahoo.com'),
(307, 'Dorothea Bashirian', '262.412.5342', 'hahn.isadore@quitzon.com'),
(308, 'Susanna Johnson', '(808) 942-4019', 'alden.corwin@gmail.com'),
(309, 'Darrel Witting', '380-315-0866', 'mina.mills@gmail.com'),
(310, 'Orlando Paucek', '(854) 810-8622', 'yvette.harber@yahoo.com'),
(311, 'Martine Bednar', '+1-360-703-2818', 'kassulke.ramiro@gmail.com'),
(312, 'Kailyn Kemmer', '850-718-7825', 'gusikowski.emmanuel@yahoo.com'),
(313, 'Mr. Monserrate Jones', '669-795-9156', 'yeffertz@yahoo.com'),
(314, 'Dejon Kshlerin', '1-707-282-8264', 'qherzog@deckow.com'),
(315, 'Mossie Jacobi', '1-202-376-1908', 'ybernhard@predovic.net'),
(316, 'Bernadette Hyatt', '+19286202804', 'johanna.schumm@gmail.com'),
(317, 'Emie Gibson', '+1.731.632.1118', 'pollich.casandra@gmail.com'),
(318, 'Chaim Cassin', '469.452.3132', 'charber@homenick.com'),
(319, 'Dr. Stephan Dietrich', '+1 (586) 872-6361', 'dmills@orn.com'),
(320, 'Prof. Urban Denesik DDS', '1-559-863-2117', 'myriam51@parisian.com'),
(321, 'Ryder Green III', '+1.947.240.1362', 'chloe.schumm@romaguera.info'),
(322, 'Bartholome Friesen III', '380-321-5645', 'flo27@yahoo.com'),
(323, 'Mr. Cyril Balistreri', '+1.325.287.6154', 'gideon.doyle@hoeger.com'),
(324, 'Mr. Arno Kutch', '+1 (610) 217-4548', 'goyette.greyson@yahoo.com'),
(325, 'Marian McDermott', '240-300-7019', 'ulockman@yahoo.com'),
(326, 'Jayme Krajcik', '(986) 710-6493', 'darrin.hauck@gmail.com'),
(327, 'Mrs. Enola Volkman DVM', '1-215-910-8546', 'bwest@hotmail.com'),
(328, 'Immanuel Schimmel', '+14434935217', 'bnienow@hotmail.com'),
(329, 'Danny Boyer', '+1 (917) 915-3394', 'wschinner@yahoo.com'),
(330, 'Dr. Sterling Jakubowski', '+1.515.887.3059', 'felix97@zieme.com'),
(331, 'Maggie Anderson V', '+18149849689', 'isabelle28@pouros.com'),
(332, 'Rene Kling IV', '+1.704.888.0296', 'lawson.will@carroll.com'),
(333, 'Jasmin Crist', '563.837.6896', 'xwitting@gmail.com'),
(334, 'Barrett Kiehn', '1-681-556-3816', 'alejandrin.jenkins@gmail.com'),
(335, 'Prof. Trace Mante', '930.513.9718', 'jovanny.medhurst@hotmail.com'),
(336, 'Mr. Laron Lynch DDS', '1-754-644-9337', 'kspinka@yahoo.com'),
(337, 'Prof. Alfred Wisoky', '+1.252.751.7449', 'oleffler@hettinger.com'),
(338, 'Dr. Griffin Lowe DVM', '681-362-9233', 'velva91@yahoo.com'),
(339, 'Connor Hyatt', '1-678-338-0804', 'sgleason@weissnat.com'),
(340, 'Prof. Newton Heathcote', '1-571-979-8838', 'ora.larson@hotmail.com'),
(341, 'Dr. Ryley Wunsch', '1-682-702-0393', 'pierce62@gmail.com'),
(342, 'Prof. Nicklaus Bogisich', '1-641-419-2909', 'mroberts@waters.com'),
(343, 'Mr. Lamar Kautzer DVM', '240-735-0267', 'nicolas.moshe@berge.com'),
(344, 'Birdie Reichert', '+1 (352) 441-1001', 'brando60@daniel.com'),
(345, 'Elody Schamberger', '936-714-7147', 'natalia02@gmail.com'),
(346, 'Bella Bosco MD', '774.937.0812', 'boehm.moriah@rutherford.net'),
(347, 'Mikel Schneider', '220-788-0688', 'yhudson@gmail.com'),
(348, 'Alexa Tremblay', '1-347-304-3829', 'zoreilly@feeney.biz'),
(349, 'Melody Wilderman', '+1-520-265-9087', 'elody.kutch@yahoo.com'),
(350, 'Camryn Gutkowski', '865.757.4120', 'felipa10@gmail.com'),
(351, 'Elisha Johnston', '+1.479.591.1276', 'boehm.eden@hotmail.com'),
(352, 'Lilliana O\'Hara DVM', '+1.469.753.6107', 'vickie.dietrich@gmail.com'),
(353, 'Henriette Greenfelder', '1-551-915-6000', 'edison98@gmail.com'),
(354, 'Morris Anderson', '352-386-3077', 'jaron95@yahoo.com'),
(355, 'Prof. Ethelyn Wisoky', '979-320-5158', 'altenwerth.arno@gmail.com'),
(356, 'Gabriella Balistreri', '+17167020906', 'herzog.milton@yahoo.com'),
(357, 'Hannah Abshire', '+1 (413) 242-4469', 'maya47@king.com'),
(358, 'Nicolette Wiza', '660.235.9247', 'blick.jayson@hotmail.com'),
(359, 'Mellie Hessel', '+1 (816) 978-9347', 'uwaters@wilkinson.net'),
(360, 'Ms. Ena Borer DDS', '989.459.3107', 'towne.horacio@schumm.com'),
(361, 'Mariela Weber', '1-440-367-4578', 'abdiel.lueilwitz@powlowski.com'),
(362, 'Prof. Keven Ward II', '+1 (218) 360-6122', 'joany59@hotmail.com'),
(363, 'Prof. Savion Kling PhD', '(714) 886-2923', 'hayes.louvenia@hotmail.com'),
(364, 'Cary Greenholt MD', '1-270-916-2855', 'lula65@gmail.com'),
(365, 'Leila Kub', '+1-270-794-8551', 'steve.halvorson@wisoky.com'),
(366, 'Tony West', '443-491-8968', 'kody.kohler@effertz.biz'),
(367, 'Mrs. Alta Von', '+1-585-704-5763', 'felix89@yahoo.com'),
(368, 'Jerrold Roberts', '+1 (281) 956-8420', 'qgoldner@hotmail.com'),
(369, 'Prof. Osborne Pouros', '934-376-5139', 'johnson.lawrence@gmail.com'),
(370, 'Dr. Austin Cruickshank IV', '(786) 664-1851', 'hettinger.tyrese@price.org'),
(371, 'Rupert Harris', '+19135626563', 'xtowne@yahoo.com'),
(372, 'Yolanda Glover', '(551) 902-4463', 'thora.halvorson@green.com'),
(373, 'Beau Prosacco PhD', '309-222-2704', 'morgan68@veum.biz'),
(374, 'Jalyn Heidenreich', '559.528.1873', 'daniel.violet@gibson.com'),
(375, 'Laverna Stehr', '1-361-717-4256', 'vjohns@mitchell.com'),
(376, 'Walker Orn', '+14587152043', 'bernadette.sporer@ondricka.com'),
(377, 'Hadley Bogisich', '818-677-6268', 'christy.bayer@gibson.biz'),
(378, 'Dr. Leopold Ortiz', '(934) 217-3336', 'stoltenberg.kassandra@bechtelar.com'),
(379, 'Herminia Haley', '1-424-418-9062', 'astehr@yahoo.com'),
(380, 'Tavares Thiel', '+1-925-307-6947', 'wilfredo64@yahoo.com'),
(381, 'Dr. Emelie Barton DDS', '+1.678.721.9963', 'willa35@roob.com'),
(382, 'Ricky Hagenes', '+18702262545', 'cassandra.lemke@yahoo.com'),
(383, 'Alba Volkman III', '1-714-532-2112', 'hdietrich@baumbach.biz'),
(384, 'Wilhelmine Pacocha', '+1.660.995.5540', 'hswaniawski@gmail.com'),
(385, 'Leonardo Abernathy', '+1.878.740.4857', 'jwaelchi@jenkins.com'),
(386, 'Aileen Beatty I', '+1-251-264-5221', 'stehr.durward@yahoo.com'),
(387, 'Elisabeth Gerhold', '+1 (878) 764-2670', 'brisa.hammes@gmail.com'),
(388, 'Weldon Farrell I', '(831) 461-8159', 'jewel.nolan@prohaska.com'),
(389, 'Dr. Florine Farrell', '218.235.6768', 'creola69@gmail.com'),
(390, 'Marco Skiles Sr.', '+1.445.217.3793', 'sklocko@kirlin.com'),
(391, 'Fredy Bernier', '734-394-6711', 'ischinner@bogisich.com'),
(392, 'Leslie Schowalter', '283.281.7030', 'josh.dibbert@lesch.com'),
(393, 'Lizzie West DVM', '+14436716771', 'xdare@gmail.com'),
(394, 'Saul Reinger', '+1.682.341.5414', 'mgutmann@prosacco.com'),
(395, 'Luciano Heidenreich PhD', '+1-682-789-5505', 'von.elroy@yahoo.com'),
(396, 'Mr. Anderson King DDS', '(754) 256-9339', 'deckow.isai@botsford.info'),
(397, 'Adella Mraz PhD', '1-223-848-0250', 'lavon.ondricka@hotmail.com'),
(398, 'Annabel Funk', '1-559-402-5356', 'yflatley@hotmail.com'),
(399, 'Raquel Upton', '(940) 850-0553', 'andy48@tromp.net'),
(400, 'Jaclyn Medhurst', '740-835-4095', 'titus.reichel@yahoo.com'),
(401, 'Oscar Gutmann', '(586) 379-3230', 'nikolaus.tiana@braun.com'),
(402, 'Ms. Icie Christiansen DDS', '(680) 337-5119', 'mckenzie.phoebe@hotmail.com'),
(403, 'Alysa O\'Keefe I', '+1 (737) 631-3077', 'irunolfsdottir@gmail.com'),
(404, 'Dewitt Cremin', '(660) 690-2474', 'hiram02@kirlin.com'),
(405, 'Santina White', '(540) 899-4114', 'shemar18@gmail.com'),
(406, 'Lyla Yost', '404.376.4120', 'terry.roel@gmail.com'),
(407, 'Jovan Wehner', '1-541-858-0753', 'rconsidine@gmail.com'),
(408, 'Dr. Misael Littel I', '(937) 978-1870', 'hbode@hackett.com'),
(409, 'Ms. Verna Stamm PhD', '+16783415365', 'mitchell.helene@gmail.com'),
(410, 'Dr. Macey Shields IV', '+1.610.748.7709', 'cgorczany@yahoo.com'),
(411, 'Jamar Lebsack', '+1-479-944-5834', 'abernathy.aniya@hotmail.com'),
(412, 'Morris Christiansen', '615.497.5844', 'casey.marvin@mccullough.net'),
(413, 'Stevie Homenick', '+1-713-947-2468', 'antonia67@hickle.com'),
(414, 'Pearlie Pouros', '+1 (478) 547-9392', 'powlowski.bryana@wyman.net'),
(415, 'Chanelle Simonis', '+14428088417', 'kerluke.verla@brakus.com'),
(416, 'Travis Koepp', '1-754-418-6699', 'genesis.mills@osinski.info'),
(417, 'Kaya Davis', '870-635-9526', 'janis19@haley.com'),
(418, 'Cullen Luettgen', '269.303.1601', 'gordon.windler@gmail.com'),
(419, 'Bert Nader', '+1-769-405-9119', 'hkemmer@gmail.com'),
(420, 'Brooklyn Armstrong', '1-563-718-4326', 'glennie.torp@yahoo.com'),
(421, 'Orpha Veum III', '+1.279.664.8828', 'duncan.torphy@yahoo.com'),
(422, 'Lea Treutel', '+1.540.772.5025', 'roxane.heller@yahoo.com'),
(423, 'Keenan Friesen', '(231) 966-9968', 'jayson36@kub.com'),
(424, 'Prof. Irma Waelchi DDS', '+1.785.464.7452', 'gkuhic@ledner.biz'),
(425, 'Buford Stanton', '+1-320-633-7721', 'nelson.abshire@thompson.net'),
(426, 'Isom Huel', '+1 (540) 555-4567', 'brody.wehner@bashirian.net'),
(427, 'Mazie Lebsack DVM', '973-571-3057', 'dare.zackery@hauck.net'),
(428, 'Cody Gislason', '469.546.1574', 'uparisian@yahoo.com'),
(429, 'Noemi Adams', '+1-337-870-7984', 'genevieve.ullrich@yahoo.com'),
(430, 'Blake Lang', '605-503-8406', 'joyce.robel@shields.com'),
(431, 'Mr. Justyn Rutherford MD', '1-989-555-6673', 'eabernathy@mills.com'),
(432, 'Dorris Tremblay', '1-512-894-8725', 'ocie84@gmail.com'),
(433, 'Maria Wintheiser', '364.461.2941', 'cathrine73@hotmail.com'),
(434, 'Dr. Jorge Schulist', '1-830-977-2659', 'von.granville@yahoo.com'),
(435, 'Sydnie Corwin Sr.', '+1-848-430-2907', 'cole.heather@bode.com'),
(436, 'Shana Rice', '1-352-708-3418', 'ray.parker@kunze.com'),
(437, 'Alessandra Reichel', '854.989.7451', 'newton.jakubowski@upton.net'),
(438, 'Erika Schmeler', '1-930-428-0190', 'trudie56@funk.com'),
(439, 'Lynn Nitzsche', '+1 (985) 632-3797', 'kade86@jakubowski.net'),
(440, 'Dr. Devin Nienow DDS', '(417) 403-6421', 'dgutkowski@goyette.com'),
(441, 'Gage Steuber DDS', '(774) 681-0670', 'jairo55@gmail.com'),
(442, 'Mr. Unique Greenfelder DVM', '(762) 654-4108', 'ken.walker@gmail.com'),
(443, 'Prof. Jefferey Lind Jr.', '+1-878-333-6808', 'yhintz@hotmail.com'),
(444, 'Harley Brakus DDS', '+13233240960', 'qgutmann@gmail.com'),
(445, 'Stefan Koepp', '616.287.8317', 'jenkins.abel@gmail.com'),
(446, 'Tremayne Cole IV', '904-241-7061', 'kutch.koby@hotmail.com'),
(447, 'Hal Hamill', '+18386814182', 'herminia08@hotmail.com'),
(448, 'Mr. Ansley Fisher PhD', '(949) 267-2786', 'lempi.mohr@rowe.com'),
(449, 'Danial Ziemann', '(657) 328-8377', 'carol.ankunding@yahoo.com'),
(450, 'Omer Jones', '331-759-5475', 'fritsch.peyton@hotmail.com'),
(451, 'Greyson McDermott', '+16817441123', 'cblock@lang.com'),
(452, 'Vincent Gerhold', '+1-360-778-2330', 'vernice.jast@zulauf.com'),
(453, 'Charley Effertz', '+12568379727', 'myrtice75@muller.net'),
(454, 'Fabiola Welch II', '1-628-814-6282', 'alexandria91@hotmail.com'),
(455, 'Courtney Kessler', '+1-806-970-1971', 'ahartmann@yahoo.com'),
(456, 'Kennedy Deckow', '(341) 499-4728', 'gnolan@gleichner.com'),
(457, 'Prof. Rodolfo Trantow Sr.', '+1-915-815-6565', 'jarvis.reichert@yahoo.com'),
(458, 'Israel Gorczany', '+1.972.419.3596', 'ana78@hotmail.com'),
(459, 'Dr. Luisa Dare', '+1 (559) 299-8543', 'cpfeffer@yahoo.com'),
(460, 'Mr. Ansley Morar I', '+13259354329', 'glenda.considine@larkin.com'),
(461, 'Ms. Myra Cruickshank II', '+1-601-540-4233', 'iwilderman@murray.info'),
(462, 'Ms. Antonietta Anderson', '(337) 621-3877', 'vandervort.malinda@bergstrom.com'),
(463, 'Jayne Bartoletti', '820-396-9256', 'baron.anderson@yahoo.com'),
(464, 'Ivah Feeney', '941-787-7281', 'wwest@yahoo.com'),
(465, 'Misael Brekke', '248-428-3858', 'kihn.toni@spencer.org'),
(466, 'Wilford Runolfsdottir', '279.298.6356', 'harmon71@harris.com'),
(467, 'Cassidy Koelpin', '1-630-761-4087', 'rodriguez.stuart@legros.com'),
(468, 'Ocie Waelchi', '351-979-0265', 'dubuque.derick@yahoo.com'),
(469, 'Monty Strosin', '1-726-283-3425', 'umills@kautzer.biz'),
(470, 'Jeff Deckow DVM', '860-449-4226', 'tess75@jast.biz'),
(471, 'Miss Tiara Hegmann Sr.', '+12548166272', 'christiansen.thelma@rippin.com'),
(472, 'Domenic Stroman', '734.780.3680', 'breichel@weissnat.com'),
(473, 'Maybelle Keeling', '1-312-739-7524', 'gottlieb.sammie@frami.com'),
(474, 'Ricardo Green', '(986) 216-5718', 'sedrick.macejkovic@gmail.com'),
(475, 'Marco Kohler Sr.', '(276) 729-1825', 'ruben04@gerhold.org'),
(476, 'Frieda Renner', '+19037873533', 'qschoen@yahoo.com'),
(477, 'Charley Gulgowski V', '+1-336-862-8930', 'conn.janie@will.com'),
(478, 'Maxwell Gaylord', '314.697.7164', 'asia87@reinger.org'),
(479, 'Adriel Runolfsdottir', '+1-458-807-8666', 'emills@yahoo.com'),
(480, 'Maiya Koelpin', '763.983.2443', 'auer.pansy@hotmail.com'),
(481, 'Roscoe Mitchell', '740.323.2741', 'miller.dina@schmeler.net'),
(482, 'Nicholas Wisoky', '760.586.0535', 'mills.brittany@gmail.com'),
(483, 'Miss Shawna Hegmann', '757-552-1305', 'caterina.feil@mcclure.com'),
(484, 'Jerald Deckow', '+1.754.244.1918', 'harvey.elwyn@kerluke.com'),
(485, 'Wilfrid Cummerata', '+19378452827', 'hartmann.gladyce@gmail.com'),
(486, 'Cora Morissette', '(609) 613-5435', 'kwalker@dicki.com'),
(487, 'Rhianna Koch', '878-667-9718', 'tierra05@hotmail.com'),
(488, 'Anne McGlynn', '1-678-254-2097', 'xkreiger@schamberger.com'),
(489, 'Francesca Witting', '(507) 527-8036', 'reichel.jermain@maggio.com'),
(490, 'Mr. Marcelo Friesen DVM', '+1-806-852-7096', 'jacobs.weldon@reilly.com'),
(491, 'Quincy Green', '+1-308-253-1582', 'else34@hotmail.com'),
(492, 'Mr. Austyn Leffler', '740-786-1060', 'elfrieda.ruecker@hane.info'),
(493, 'Ardith Medhurst I', '(803) 880-2989', 'haley.nyasia@gmail.com'),
(494, 'Trisha Zboncak', '+1.740.440.7868', 'gpredovic@gmail.com'),
(495, 'Cora Schmeler', '+12702538529', 'ramiro10@hotmail.com'),
(496, 'Precious Ernser', '1-279-976-8079', 'katarina.walsh@yahoo.com'),
(497, 'Miss Elvera Lynch', '+16184245113', 'schuster.nelda@bednar.com'),
(498, 'Prof. Norwood Abbott', '+1-765-747-4054', 'qwelch@hotmail.com'),
(499, 'Karianne Olson', '(785) 980-4240', 'marie69@reinger.info'),
(500, 'Bianka Legros', '1-216-697-8171', 'price.karl@gmail.com');

--
-- Индексы сохранённых таблиц
--

--
-- Индексы таблицы `bundle`
--
ALTER TABLE `bundle`
  ADD PRIMARY KEY (`id`),
  ADD KEY `id_company` (`id_company`),
  ADD KEY `id_department` (`id_department`),
  ADD KEY `id_users` (`id_users`);

--
-- Индексы таблицы `company`
--
ALTER TABLE `company`
  ADD PRIMARY KEY (`id`);

--
-- Индексы таблицы `department`
--
ALTER TABLE `department`
  ADD PRIMARY KEY (`id`);

--
-- Индексы таблицы `users`
--
ALTER TABLE `users`
  ADD PRIMARY KEY (`id`);

--
-- AUTO_INCREMENT для сохранённых таблиц
--

--
-- AUTO_INCREMENT для таблицы `bundle`
--
ALTER TABLE `bundle`
  MODIFY `id` int NOT NULL AUTO_INCREMENT, AUTO_INCREMENT=501;

--
-- AUTO_INCREMENT для таблицы `company`
--
ALTER TABLE `company`
  MODIFY `id` int NOT NULL AUTO_INCREMENT, AUTO_INCREMENT=11;

--
-- AUTO_INCREMENT для таблицы `department`
--
ALTER TABLE `department`
  MODIFY `id` int NOT NULL AUTO_INCREMENT, AUTO_INCREMENT=7;

--
-- AUTO_INCREMENT для таблицы `users`
--
ALTER TABLE `users`
  MODIFY `id` int NOT NULL AUTO_INCREMENT, AUTO_INCREMENT=501;

--
-- Ограничения внешнего ключа сохраненных таблиц
--

--
-- Ограничения внешнего ключа таблицы `bundle`
--
ALTER TABLE `bundle`
  ADD CONSTRAINT `bundle_ibfk_1` FOREIGN KEY (`id_company`) REFERENCES `company` (`id`),
  ADD CONSTRAINT `bundle_ibfk_2` FOREIGN KEY (`id_department`) REFERENCES `department` (`id`) ON DELETE RESTRICT ON UPDATE RESTRICT,
  ADD CONSTRAINT `bundle_ibfk_3` FOREIGN KEY (`id_users`) REFERENCES `users` (`id`) ON DELETE RESTRICT ON UPDATE RESTRICT;
COMMIT;

/*!40101 SET CHARACTER_SET_CLIENT=@OLD_CHARACTER_SET_CLIENT */;
/*!40101 SET CHARACTER_SET_RESULTS=@OLD_CHARACTER_SET_RESULTS */;
/*!40101 SET COLLATION_CONNECTION=@OLD_COLLATION_CONNECTION */;
